cfbref_id,pfr_id,av,predicted_av,comp_1,comp_2,comp_3
aaron-burbridge-1,BurbAa00,1,15.755459097351645,herman-moore-1,kelvin-benjamin-1,muhsin-muhammad-1
aaron-cox-1,CoxxAa00,13,13.437971145279242,everett-gay-1,quincy-morgan-1,james-jones-3
aaron-dobson-1,DobsAa00,6,14.524774943061505,golden-tate-1,andre-rison-1,chris-doering-1
ace-sanders-1,SandAc00,3,12.295743151904867,jarius-wright-1,derek-hagan-1,ron-johnson-1
adrian-arrington-1,ArriAd00,1,13.499238206504552,jeremy-maclin-1,jeff-campbell-1,charles-davenport-1
albert-connell-1,ConnAl00,23,13.902485414246506,tommy-kane-1,rishard-matthews-1,lawyer-tillman-1
aldrick-robinson-1,RobiAl00,5,14.746504470505549,golden-tate-1,aaron-dobson-1,peter-warrick-1
alex-van-dyke-1,VanDAl00,2,11.918181131937372,wesley-carroll-2,charles-e-johnson-1,kendal-smith-1
alexander-wright-1,WrigAl00,6,12.040025785991002,andre-caldwell-1,tony-jones-5,devard-darling-1
allen-robinson-1,RobiAl02,20,13.74762280481287,keary-colbert-1,chris-givens-2,reggie-wayne-1
alshon-jeffery-1,JeffAl00,32,13.830709865392885,michael-jackson-1,josh-morgan-2,robert-ferguson-1
alvin-harper-1,HarpAl00,32,11.637340475158117,corey-fuller-2,pat-newman-1,michael-jenkins-1
alvis-whitted-1,WhitAl00,3,14.520279807472326,jamison-crowder-1,larry-fitzgerald-1,chad-johnson-1
amani-toomer-1,ToomAm00,17,13.345831552243782,matt-jones-1,darnell-mcdonald-1,peerless-price-1
amara-darboh-1,DarbAm00,1,14.040039402052196,robert-woods-1,michael-timpson-1,sean-dawkins-2
amari-cooper-1,CoopAm00,33,13.865055497047729,jeremy-kerley-1,peerless-price-1,david-anderson-1
andre-caldwell-1,CaldAn00,11,13.768848566438418,sam-aiken-1,amara-darboh-1,mark-bradley-1
andre-davis-1,DaviAn01,15,12.45556429505066,alexander-wright-1,quinton-patton-1,deandre-hopkins-1
andre-hastings-1,HastAn00,16,15.121548234273282,isaac-bruce-1,courtland-sutton-1,wane-mcgarity-1
andre-johnson-1,JohnAn02,37,12.915358537305535,terrance-williams-2,marquise-goodwin-1,rico-smith-1
andre-king-1,KingAn00,2,12.892147491342154,erik-affholter-1,ryan-grant-2,jamison-crowder-1
andre-rison-1,RisoAn00,39,14.690360075166526,josh-reed-1,ernie-jones-3,courtney-taylor-1
andy-isabella-1,IsabAn00,4,13.442200806392409,golden-tate-1,aaron-dobson-1,mike-thomas-9
anquan-boldin-1,BoldAn00,36,12.785530298362998,jerry-porter-1,derrick-mason-1,michael-gallup-1
anthony-gonzalez-1,GonzAn00,16,14.223833559739326,brian-blades-1,taywan-taylor-1,jeremy-maclin-1
anthony-miller-4,MillAn00,33,14.527983390627808,albert-connell-1,nate-burleson-1,tommy-kane-1
anthony-miller-6,MillAn02,13,12.635090585096025,aundrae-allison-1,nelson-agholor-1,harry-douglas-1
anthony-morgan-2,MorgAn00,6,15.432995220959883,chansi-stuckey-1,tommy-kane-1,ed-mccaffrey-1
antonio-brown-1,BrowAn04,32,12.141479467769415,jerome-pathon-1,jaelen-strong-1,keenan-mccardell-1
antonio-bryant-1,BryaAn00,18,13.35471007331437,shaun-mcdonald-1,keyshawn-johnson-1,greg-salas-1
antonio-callaway-1,CallAn00,5,14.014082278902253,deion-branch-1,chris-givens-2,stedman-bailey-1
antonio-freeman-1,FreeAn00,41,12.089117278254381,john-burke-1,joey-clinkscales-1,keith-mumphery-1
antwaan-randle-el-1,RandAn00,29,13.718636088357806,danny-farmer-1,tommy-kane-1,lonzell-hill-1
arnaz-battle-1,BattAr00,12,13.46366387010541,dj-chark-1,brandon-stokley-1,mohamed-sanu-1
arrelious-benn-1,BennAr00,8,14.372631475446335,keary-colbert-1,reggie-wayne-1,allen-robinson-1
ashley-lelie-1,LeliAs00,32,12.640683522978799,trent-taylor-2,darius-watts-1,golden-tate-1
auden-tate-1,TateAu00,5,13.825215630438745,niles-paul-1,henry-ruggs-iii-1,jerry-porter-1
aundrae-allison-1,AlliAu00,3,12.434624405881014,stedman-bailey-1,rueben-randle-1,randal-hill-1
austin-collie-1,CollAu00,18,13.821114656152703,torrey-smith-1,davante-adams-1,drew-carter-1
austin-pettis-1,PettAu00,8,12.911706873296932,josh-boyce-1,harry-douglas-1,mario-manningham-1
az-zahir-hakim-1,HakiAz00,26,12.466487161668704,keith-poole-1,antonio-bryant-1,stedman-bailey-1
ben-obomanu-1,ObomBe00,9,13.318416980064631,derek-russell-1,greg-little-1,danny-peebles-1
bernard-berrian-1,BerrBe00,16,14.029377636225181,kevin-curtis-2,vernon-joines-1,emmanuel-sanders-1
billy-mcmullen-1,McMuBi00,4,13.696825830812461,drew-carter-1,emmanuel-sanders-1,early-doucet-1
bobby-engram-1,EngrBo00,21,13.573892151507218,quinton-patton-1,brett-perriman-1,joey-galloway-1
bobby-shaw-1,ShawBo00,23,14.581173076420566,ernest-wilford-1,torrey-smith-1,titus-young-1
bobby-wade-1,WadeBo00,8,13.706669797564466,brian-hartline-1,brandin-cooks-1,terry-glenn-1
brandin-cooks-1,CookBr00,38,12.485582988270176,chris-givens-2,chad-hansen-1,deon-cain-1
brandon-gibson-1,GibsBr00,9,12.378527029301921,ryan-yarborough-1,bobby-wade-1,brian-hartline-1
brandon-jones-3,JoneBr02,12,12.312558011420276,leonte-carroo-1,quinton-patton-1,michael-jenkins-1
brandon-lafell-1,LaFeBr00,22,13.549996158586818,danan-hughes-1,josh-malone-1,quinton-patton-1
brandon-lloyd-1,LloyBr00,15,11.957736382431065,jeff-campbell-1,charles-davenport-1,larry-parker-3
brandon-marshall-1,MarsBr00,35,12.937412168103759,reche-caldwell-1,aaron-dobson-1,odell-beckham-jr-1
brandon-stokley-1,StokBr00,8,13.419768130959996,ernie-mills-1,eddie-royal-1,greg-mcmurtry-1
braxton-miller-1,MillBr03,2,13.00259783821567,chris-penn-1,tommy-kane-1,jason-hill-1
braylon-edwards-1,EdwaBr00,29,14.563182688913821,michael-crabtree-1,justin-armour-1,roscoe-parrish-1
breshad-perriman-1,PerrBr02,11,14.233128055550512,keyshawn-johnson-1,george-thomas-2,antonio-bryant-1
brett-perriman-1,PerrBr00,17,14.164258958355557,ronald-curry-1,taywan-taylor-1,lavelle-hawkins-1
brian-blades-1,BladBr00,31,13.17317402672167,bobby-engram-1,brandon-jones-3,lake-dawson-1
brian-hartline-1,HartBr00,22,14.011853654426805,anthony-gonzalez-1,bruce-hill-2,sidney-rice-1
brian-manning-1,MannBr00,1,13.205824149298733,terry-glenn-1,larry-parker-3,bobby-wade-1
brian-robiskie-1,RobiBr00,3,13.580737341077745,amani-toomer-1,matt-jones-1,george-thomas-2
brian-stablein-1,StabBr00,6,12.947558087524529,arnaz-battle-1,dj-chark-1,chad-johnson-1
brice-hunter-1,HuntBr00,1,13.747944331763328,herman-moore-1,muhsin-muhammad-1,damian-williams-1
bruce-ellington-1,ElliBr00,7,13.228868839516949,kevin-dyson-1,tim-carter-1,chris-penn-1
bruce-hill-2,HillBr00,22,15.213769583718436,nate-burleson-1,riley-cooper-1,albert-connell-1
bryan-still-1,StilBr00,8,14.96774585902995,brian-hartline-1,peter-warrick-1,sean-lachapelle-1
bryant-johnson-1,JohnBr02,16,13.889412294016418,mike-williams-4,josh-morgan-2,charles-davenport-1
calvin-johnson-1,JohnCa00,34,14.086729209697943,chris-givens-2,laquon-treadwell-1,alshon-jeffery-1
calvin-ridley-1,RidlCa00,27,15.440370725823476,joey-galloway-1,sterling-shepard-1,andre-caldwell-1
calvin-williams-1,WillCa00,22,12.755072750808239,rob-carpenter-2,danny-farmer-1,bobby-shaw-1
carl-pickens-1,PickCa00,30,13.452789325425087,jeremy-maclin-1,charles-davenport-1,earl-bennett-1
cedrick-wilson-1,WilsCe00,12,12.497271987266181,danny-peebles-1,paul-richardson-1,marcell-ateman-1
chad-hansen-1,HansCh00,3,14.491634992207418,isaac-bruce-1,trevor-gaylor-1,andre-hastings-1
chad-jackson-1,JackCh00,2,14.32625437769045,john-hightower-1,chris-givens-2,derrick-mayes-1
chad-johnson-1,JohnCh01,36,13.352001636112565,quincy-enunwa-1,lynn-james-1,chris-godwin-1
chansi-stuckey-1,StucCh20,10,13.616455811122645,horace-copeland-1,kevin-johnson-4,vernon-joines-1
charles-davenport-1,DaveCh00,1,13.418712741821778,mohamed-sanu-1,anthony-morgan-2,lawyer-tillman-1
charles-e-johnson-1,JohnCh00,27,15.046276821312201,jeremy-maclin-1,tavon-austin-1,carl-pickens-1
charles-lee-1,LeexCh00,4,12.976210962980053,reche-caldwell-1,riley-ridley-1,kelvin-benjamin-1
charles-lockett-1,LockCh00,4,11.533205047059239,ron-johnson-1,jerome-pathon-1,tai-streets-1
charles-rogers-1,RogeCh01,4,15.017484297858916,jason-avant-1,chris-godwin-1,leonard-hankerson-1
charles-wilson-4,WilsCh00,7,14.114441862954797,jason-phillips-2,hart-lee-dykes-1,odell-beckham-jr-1
charlie-jones-4,JoneCh00,9,13.36786315441429,marcus-robinson-2,bernard-berrian-1,ryan-thelwell-1
charone-peake-1,PeakCh00,1,14.062164177069121,quincy-morgan-1,horace-copeland-1,courtney-hawkins-1
chris-calloway-1,CallCh00,12,13.120183959285583,jeff-campbell-1,carl-pickens-1,adrian-arrington-1
chris-chambers-1,ChamCh00,33,13.51339393420994,bruce-ellington-1,windrell-hayes-1,kevin-dyson-1
chris-conley-1,ConlCh00,13,14.102151563228553,devier-posey-1,ben-obomanu-1,robert-ferguson-1
chris-doering-1,DoerCh00,1,14.188684682534381,lavon-brazill-1,anquan-boldin-1,lawrence-dawsey-1
chris-givens-2,GiveCh00,13,14.395442663697343,germane-crowell-1,darrin-chiaverini-1,tony-simmons-2
chris-godwin-1,GodwCh00,28,14.34358621240859,chad-jackson-1,allen-robinson-1,greg-salas-1
chris-henry-3,HenrCh00,15,14.218297328274616,jerricho-cotchery-1,leonard-hankerson-1,charles-rogers-1
chris-moore-4,MoorCh00,4,13.87196029839991,antonio-freeman-1,rod-gardner-1,tandon-doss-1
chris-penn-1,PennCh00,10,11.709273893163356,rishard-matthews-1,eric-decker-1,pat-newman-1
chris-sanders-1,SandCh00,23,12.55745782622696,tommy-kane-1,jason-hill-1,frankie-neal-1
chris-t-jones-1,JoneCh01,10,13.693972593480767,gary-lee-3,malcolm-kelly-1,kevin-white-6
chris-walsh-1,WalsCh00,1,13.787949240859513,horace-copeland-1,chansi-stuckey-1,larry-fitzgerald-1
christian-kirk-1,KirkCh01,26,13.042045307003145,robert-meachem-1,randal-hill-1,sammie-stroughter-1
cody-core-1,CoreCo00,3,14.232757004500625,charles-e-johnson-1,tavon-austin-1,pat-coleman-1
cody-latimer-1,LatiCo00,3,14.830989433238358,greg-salas-1,keyshawn-johnson-1,george-thomas-2
collin-johnson-2,JohnCo01,3,13.759300882746725,kelvin-benjamin-1,herman-moore-1,mike-wallace-1
corey-coleman-1,ColeCo00,6,14.019093651513499,jacoby-ford-1,josh-doctson-1,ronald-curry-1
corey-davis-3,DaviCo03,21,11.61594158781192,dante-pettis-1,trey-quinn-1,jaelen-strong-1
corey-fuller-2,FullCo00,3,14.043906195892301,todd-pinkston-1,ricky-proehl-1,jajuan-dawson-1
cory-fleming-2,FlemCo20,1,16.930144609407495,alvin-harper-1,lawrence-dawsey-1,michael-jenkins-1
courtland-sutton-1,SuttCo00,21,13.678228044099525,reche-caldwell-1,jamaar-taylor-1,aaron-dobson-1
courtney-hawkins-1,HawkCo00,18,13.805563704947938,thomas-lewis-1,andre-hastings-1,pat-coleman-1
courtney-taylor-1,TaylCo00,1,13.924790039252176,robert-woods-1,keesean-johnson-1,jarvis-landry-1
craphonso-thorpe-1,ThorCr00,1,15.157380452287907,sidney-rice-1,tavon-austin-1,santana-moss-1
curtis-conway-1,ConwCu00,31,14.47585078459653,herman-moore-1,andre-hastings-1,courtney-hawkins-1
curtis-duncan-1,DuncCu00,18,13.568246403197696,charles-wilson-4,olabisi-johnson-1,steve-smith-3
curtis-marsh-2,MarsCu00,1,13.23187235811146,joe-jurevicius-1,darnay-scott-1,riley-cooper-1
curtis-samuel-1,SamuCu00,19,15.24023139803122,kenny-golladay-1,raghib-ismail-1,peerless-price-1
daesean-hamilton-1,HamiDa01,6,12.49576421887424,stephen-hill-1,jarvis-landry-1,robert-woods-1
dale-dawkins-1,DawkDa00,1,14.59918083656124,michael-jenkins-1,lavon-brazill-1,darnay-scott-1
dameane-douglas-1,DougDa00,2,12.3718765981853,mohamed-massaquoi-1,kevin-curtis-2,early-doucet-1
damian-williams-1,WillDa04,11,16.096209119597177,charles-e-johnson-1,jeremy-maclin-1,carl-pickens-1
danan-hughes-1,HughDa00,4,13.110128643950489,flipper-anderson-1,brice-hunter-1,earl-bennett-1
danny-farmer-1,FarmDa00,5,13.985763543975882,brandon-lafell-1,malcolm-seabron-1,nelson-agholor-1
danny-peebles-1,PeebDa00,2,14.98998352678642,antwaan-randle-el-1,tommy-kane-1,lonzell-hill-1
dante-pettis-1,PettDa00,7,13.431629264730907,cedrick-wilson-1,reggie-rembert-2,john-ross-1
darius-watts-1,WattDa00,4,13.216418305875896,trey-quinn-1,corey-davis-3,taylor-price-1
darnay-scott-1,ScotDa00,33,12.56672194696991,wesley-carroll-2,jaelen-strong-1,brandon-lloyd-1
darnell-mcdonald-1,McDoDa00,1,13.217320966651496,dale-dawkins-1,lavon-brazill-1,riley-cooper-1
darrell-jackson-1,JackDa00,35,14.453289657216159,david-clowney-1,george-thomas-2,roy-williams-3
darren-waller-1,WallDa01,2,13.51951041323832,robert-ferguson-1,justin-hardy-1,devante-parker-1
darrin-chiaverini-1,ChiaDa00,5,15.11064286588961,deion-branch-1,herman-moore-1,doug-gabriel-1
darrius-heyward-bey-1,HeywDa00,18,15.371196524317998,tony-simmons-2,chris-givens-2,will-blackwell-2
davante-adams-1,AdamDa01,27,13.703424197036577,michael-clayton-1,ike-hilliard-1,trey-quinn-1
david-anderson-1,AndeDa01,3,12.766028215470882,emmanuel-sanders-1,devin-smith-2,austin-collie-1
david-boston-1,BostDa00,31,16.002476362983924,mike-williams-17,amari-cooper-1,michael-clayton-1
david-clowney-1,ClowDa00,4,15.054012482610185,kelvin-martin-1,will-blackwell-2,pat-coleman-1
david-daniels-2,DaniDa00,1,14.972106942670868,derek-hagan-1,darrell-jackson-1,george-thomas-2
david-gettis-1,GettDa00,3,12.699391203104296,robert-woods-1,horace-copeland-1,willie-reid-1
david-givens-1,GiveDa00,22,15.839739976784992,herman-moore-1,reidel-anthony-1,curtis-conway-1
david-terrell-1,TerrDa00,12,15.304076672277962,syndric-steptoe-1,jeremy-maclin-1,devery-henderson-1
deandre-hopkins-1,HopkDe00,33,14.045248390875646,robert-meachem-1,isaac-byrd-1,dez-white-1
dede-westbrook-1,WestDe00,14,12.90954392831242,ronald-lewis-1,quinton-patton-1,andre-davis-1
deion-branch-1,BranDe00,27,13.756344461423863,kevin-dyson-1,rishard-matthews-1,bruce-ellington-1
demarcus-robinson-3,RobiDe01,10,14.02974498926324,keary-colbert-1,david-daniels-2,darrin-chiaverini-1
demaryius-thomas-1,ThomDe03,33,15.614292731999798,alshon-jeffery-1,bryant-johnson-1,johnnie-morton-1
demetrius-williams-1,WillDe03,9,12.415330699883457,titus-young-1,torrey-smith-1,sam-aiken-1
denarius-moore-1,MoorDe02,16,13.963418688101948,legedu-naanee-1,peter-warrick-1,craphonso-thorpe-1
dennis-northcutt-1,NortDe00,20,14.455275491153447,tyler-boyd-1,nate-lewis-1,courtney-hawkins-1
deon-butler-1,ButlDe00,4,14.109780210236323,jabar-gaffney-1,sammie-coates-1,sam-aiken-1
deon-cain-1,CainDe00,2,13.393513637455378,lavelle-hawkins-1,cody-core-1,tavon-austin-1
derek-hagan-1,HagaDe00,5,16.142009352911845,chris-godwin-1,reggie-wayne-1,sammie-stroughter-1
derek-hill-1,HillDe00,8,13.284381516801167,david-daniels-2,george-thomas-2,limas-sweed-1
derek-russell-1,RussDe00,15,14.10425135596918,adrian-arrington-1,jeff-campbell-1,devante-parker-1
derrick-alexander-1,AlexDe00,30,13.320402984331048,ben-obomanu-1,greg-little-1,cedrick-wilson-1
derrick-mason-1,MasoDe00,17,12.980176465253694,anthony-morgan-2,ed-mccaffrey-1,mohamed-sanu-1
derrick-mayes-1,MayeDe00,15,14.096694173245236,greg-little-1,anquan-boldin-1,josh-doctson-1
desean-jackson-1,JackDe00,42,14.201040973728238,keith-poole-1,donte-moncrief-1,jeremy-kerley-1
devante-parker-1,ParkDe01,16,13.269598196828891,legedu-naanee-1,ashley-lelie-1,leonard-hankerson-1
devard-darling-1,DarlDe00,2,14.033986222697354,travis-mcgriff-1,david-terrell-1,adrian-arrington-1
devery-henderson-1,HendDe00,13,13.336069077775631,terrance-williams-2,ernie-jones-3,travis-mcgriff-1
devier-posey-1,PoseDe00,2,13.769504766171483,syndric-steptoe-1,tavon-austin-1,david-terrell-1
devin-aromashodu-1,AromDe00,9,14.445448879012881,sidney-rice-1,craphonso-thorpe-1,kelvin-martin-1
devin-funchess-1,FuncDe00,21,14.518735161759574,george-thomas-2,keary-colbert-1,allen-robinson-1
devin-smith-2,SmitDe04,2,11.859187398492324,mark-bellini-1,marquise-goodwin-1,alexander-wright-1
devin-street-1,StreDe00,1,11.657941527666981,david-anderson-1,robert-woods-1,emmanuel-sanders-1
devin-thomas-1,ThomDe02,4,15.85089317899498,keyshawn-johnson-1,stedman-bailey-1,cody-latimer-1
dez-bryant-1,BryaDe01,38,15.066890555349636,laquon-treadwell-1,henry-ruggs-iii-1,isaiah-mckenzie-1
dez-white-1,WhitDe00,15,16.6780645194662,isaiah-mckenzie-1,dez-bryant-1,keyshawn-johnson-1
dezmon-briscoe-1,BrisDe00,4,13.716419709008987,deandre-hopkins-1,isaac-byrd-1,rashad-greene-1
dietrich-jells-1,JellDi00,1,13.831977421986231,marty-booker-1,torrey-smith-1,ernest-wilford-1
dj-chark-1,CharDJ00,14,15.582046463502635,donte-moncrief-1,rae-carruth-1,antonio-callaway-1
donald-hayes-1,HayeDo00,18,12.430249400130336,arnaz-battle-1,mohamed-sanu-1,larry-fitzgerald-1
donnie-avery-1,AverDo00,15,12.907780956775364,marty-booker-1,jeff-graham-2,dietrich-jells-1
donte-moncrief-1,MoncDo00,16,14.638314593670918,greg-salas-1,shaun-mcdonald-1,stedman-bailey-1
donte-stallworth-1,StalDo00,25,15.652089680889672,desean-jackson-1,john-hightower-1,chad-jackson-1
dorial-green-beckham-1,GreeDo00,7,13.380533844691406,devard-darling-1,deon-cain-1,travis-mcgriff-1
doug-gabriel-1,GabrDo00,15,12.881886310969122,lynn-james-1,chris-henry-3,quincy-enunwa-1
doug-thomas-1,ThomDo00,1,14.746630056047584,darrin-chiaverini-1,michael-thomas-3,curtis-samuel-1
drew-carter-1,CartDr00,8,14.365334688270503,reggie-brown-2,willie-jackson-3,larry-fitzgerald-1
dwayne-bates-1,BateDW00,8,12.613295244963934,billy-mcmullen-1,early-doucet-1,lawyer-tillman-1
dwayne-bowe-1,BoweDw00,32,14.455378635178166,greg-little-1,roscoe-parrish-1,charles-e-johnson-1
dwayne-jarrett-1,JarrDw00,4,16.094639313601604,mike-williams-17,iheanyi-uwaezuoke-1,josh-reynolds-1
earl-bennett-1,BennEa00,15,13.876097382920106,keary-colbert-1,randal-hill-1,tydus-winans-1
early-doucet-1,DoucEa00,10,14.901557357827048,patrick-jeffers-1,mike-wallace-1,flipper-anderson-1
ed-mccaffrey-1,McCaEd00,14,12.455884373209836,stephen-hill-1,billy-mcmullen-1,dwayne-bates-1
eddie-kennison-1,KennEd00,22,12.722466575561606,tommy-kane-1,lawyer-tillman-1,jajuan-dawson-1
eddie-royal-1,RoyaEd00,21,14.747835440710869,damian-williams-1,marvin-harrison-1,mike-williams-4
emmanuel-sanders-1,SandEm00,17,12.71179023979379,brandon-stokley-1,greg-mcmurtry-1,laveranues-coles-1
eric-decker-1,DeckEr00,28,11.207944167533627,billy-mcmullen-1,david-anderson-1,jordan-shipley-1
eric-moulds-1,MoulEr00,32,12.414991363186406,lawyer-tillman-1,pat-newman-1,eddie-kennison-1
erik-affholter-1,AffhEr00,1,12.884779802939022,joe-jurevicius-1,sean-dawkins-2,derrick-mason-1
ernest-wilford-1,WilfEr00,22,12.028670213125226,chris-t-jones-1,kevin-white-6,ryan-grant-2
ernie-jones-3,JoneEr00,23,14.131469447507413,bobby-shaw-1,john-burke-1,danny-peebles-1
ernie-mills-1,MillEr00,13,13.951835183811514,devery-henderson-1,andre-rison-1,josh-reed-1
eugene-baker-1,BakeEu00,1,12.810471506922555,ken-yon-rambo-1,brandon-stokley-1,emmanuel-sanders-1
everett-gay-1,GayxEv00,2,13.157174933483324,ron-johnson-1,chad-hansen-1,jj-arcega-whiteside-1
flipper-anderson-1,AndeFl00,27,12.795180813682638,aaron-cox-1,quincy-morgan-1,james-jones-3
frank-sanders-1,SandFr00,29,12.905004773438801,jeff-campbell-1,early-doucet-1,carl-pickens-1
frankie-neal-1,NealFr20,4,13.378727490311624,henry-ruggs-iii-1,iheanyi-uwaezuoke-1,terrance-williams-2
fred-coleman-1,ColeFr00,1,11.97032395397547,jason-hill-1,reggie-brown-2,tommy-kane-1
freddie-mitchell-1,MitcFr00,14,15.100307195061104,pat-coleman-1,taywan-taylor-1,kelvin-martin-1
gary-lee-3,LeexGa00,5,12.398221532464419,kelvin-harmon-1,mark-clayton-1,koren-robinson-1
gary-wellman-1,WellGa00,5,12.920034322242785,chris-t-jones-1,erik-affholter-1,sterling-shepard-1
george-thomas-2,ThomGe00,7,13.421644117052303,stefon-diggs-1,dietrich-jells-1,ken-yon-rambo-1
germane-crowell-1,CrowGe00,22,15.239531311971065,mack-hollins-1,matt-jones-1,darrell-jackson-1
golden-tate-1,TateGo00,22,13.70234453524814,justin-hardy-1,legedu-naanee-1,sean-lachapelle-1
greg-jennings-1,JennGr00,37,13.454719242323492,andy-isabella-1,aaron-dobson-1,ashley-lelie-1
greg-little-1,LittGr00,13,14.503789015507001,nick-toon-1,david-givens-1,marvin-harrison-1
greg-mcmurtry-1,McMuGr00,10,15.068300795223339,charles-e-johnson-1,early-doucet-1,patrick-jeffers-1
greg-salas-1,SalaGr00,3,12.63999303195351,david-anderson-1,eric-decker-1,devin-street-1
hakeem-nicks-1,NickHa01,34,16.191354472642942,antonio-bryant-1,stedman-bailey-1,cody-latimer-1
harry-douglas-1,DougHa00,17,12.455338008012514,travis-hannah-1,sammie-coates-1,demetrius-williams-1
hart-lee-dykes-1,DykeHa00,9,12.694949011119697,pat-newman-1,willie-green-2,stephen-hill-1
haywood-jeffires-1,JeffHa00,18,15.146596160804037,michael-irvin-1,andre-hastings-1,danan-hughes-1
henry-ruggs-iii-1,RuggHe00,8,14.299473052636742,john-hightower-1,jacoby-ford-1,louis-clark-1
herman-moore-1,MoorHe00,33,15.796424453567862,dez-bryant-1,laquon-treadwell-1,frankie-neal-1
hines-ward-1,WardHi00,28,12.594970533728901,brice-hunter-1,muhsin-muhammad-1,collin-johnson-2
horace-copeland-1,CopeHo00,18,13.939872263538032,carl-pickens-1,damian-williams-1,jeremy-maclin-1
iheanyi-uwaezuoke-1,UwaeIh00,4,11.543711006789312,vernon-joines-1,tommy-kane-1,eddie-kennison-1
ike-hilliard-1,HillIk00,22,16.313106111070276,isaiah-mckenzie-1,michael-gallup-1,mike-williams-17
isaac-bruce-1,BrucIs00,32,14.685584483982062,rueben-randle-1,isaac-bruce-1,az-zahir-hakim-1
isaac-byrd-1,ByrdIs00,6,14.246591433406069,andre-hastings-1,trevor-gaylor-1,chad-hansen-1
isaiah-ford-1,FordIs00,5,14.078000537946052,tydus-winans-1,keary-colbert-1,robert-meachem-1
isaiah-jones-2,JoneZa00,11,13.073899691751054,antonio-brown-1,justin-gage-1,jerome-pathon-1
isaiah-mckenzie-1,McKeIs00,4,14.361963287880966,courtney-hawkins-1,andre-hastings-1,isaac-byrd-1
jabar-gaffney-1,GaffJa00,18,17.675155094594565,dez-bryant-1,ike-hilliard-1,dez-white-1
jacoby-ford-1,FordJa01,12,11.722545605218961,deon-butler-1,sam-aiken-1,titus-young-1
jacquez-green-1,GreeJa00,26,13.270469123553964,louis-clark-1,ronald-curry-1,corey-coleman-1
jaelen-strong-1,StroJa01,2,16.685885899541063,jeremy-kerley-1,peerless-price-1,amani-toomer-1
jajuan-dawson-1,DawsJa00,5,12.763603611208682,wesley-carroll-2,ricky-nattiel-1,brice-hunter-1
jamaar-taylor-1,TaylJa00,1,13.314415300319276,eddie-kennison-1,qadry-ismail-1,lawyer-tillman-1
james-hardy-1,HardJa00,1,16.28227899253099,courtland-sutton-1,ashley-lelie-1,devante-parker-1
james-jones-3,JoneJa04,21,13.045465034719584,martavis-bryant-1,willie-reid-1,travis-benjamin-1
james-milling-1,MillJa00,1,12.433631801285069,aaron-cox-1,travis-fulgham-1,albert-connell-1
james-washington-5,WashJa00,12,14.159860577305155,roscoe-parrish-1,dwayne-bowe-1,terance-mathis-1
james-williams-5,WillJa01,4,14.270421433453821,chris-henry-3,doug-gabriel-1,jerricho-cotchery-1
jamison-crowder-1,CrowJa00,22,12.453530417780039,jerome-pathon-1,kendall-newson-1,antonio-brown-1
jammi-german-1,GermJa00,3,11.055957760943864,kevin-white-6,malcolm-kelly-1,vance-mcdonald-1
jared-abbrederis-1,AbbrJa00,1,12.383877547870258,aaron-cox-1,terance-mathis-1,quincy-morgan-1
jarett-dillard-1,DillJa00,4,13.093506485430622,ryan-thelwell-1,darius-watts-1,torrey-smith-1
jarius-wright-1,WrigJa02,18,15.115447957050074,craphonso-thorpe-1,peter-warrick-1,denarius-moore-1
jarvis-landry-1,LandJa00,33,13.087736560020907,derek-hill-1,michael-campanaro-1,lance-kendricks-1
jason-avant-1,AvanJa00,12,12.089272663045836,ed-mccaffrey-1,courtney-taylor-1,daesean-hamilton-1
jason-hill-1,HillJa00,7,13.882221976060512,charles-rogers-1,golden-tate-1,devante-parker-1
jason-mcaddley-1,McAdJa00,4,12.525385154198887,fred-coleman-1,tommy-kane-1,chris-sanders-1
jason-phillips-2,PhilJa00,5,14.180469353394702,wane-mcgarity-1,andre-hastings-1,isaac-byrd-1
jason-tucker-1,TuckJa00,6,13.16990741691019,charles-wilson-4,odell-beckham-jr-1,brian-manning-1
javon-walker-1,WalkJa00,26,13.365571764884177,andre-davis-1,ricky-proehl-1,quincy-enunwa-1
jeff-campbell-1,CampJe00,6,15.896804791808611,kelvin-martin-1,freddie-mitchell-1,torry-holt-1
jeff-graham-2,GrahJe00,22,14.322832881284707,olabisi-johnson-1,frank-sanders-1,brandon-lloyd-1
jeff-webb-2,WebbJe00,2,11.20579396553445,donnie-avery-1,mercury-hayes-1,brandon-stokley-1
jeremy-kerley-1,KerlJe00,18,13.353269618412334,muhsin-muhammad-1,brice-hunter-1,hines-ward-1
jeremy-maclin-1,MaclJe00,29,15.82437927948753,jaelen-strong-1,sammie-stroughter-1,peerless-price-1
jerome-pathon-1,PathJe00,17,14.67019030132774,charles-e-johnson-1,carl-pickens-1,adrian-arrington-1
jerrel-jernigan-1,JernJe00,2,14.165159573166722,jamison-crowder-1,antonio-brown-1,kendall-newson-1
jerricho-cotchery-1,CotcJe00,23,14.066431749496182,markus-wheaton-1,kevin-lee-1,reggie-rembert-2
jerry-porter-1,PortJe00,12,13.947173385485483,chris-henry-3,leonard-hankerson-1,charles-rogers-1
jj-arcega-whiteside-1,ArceJJ00,2,15.904584650638265,derek-russell-1,devard-darling-1,anquan-boldin-1
jj-birden-1,BirdJJ00,23,12.618596694167834,travis-fulgham-1,james-milling-1,chansi-stuckey-1
joe-jurevicius-1,JureJo00,11,13.144147075723838,lawrence-dawsey-1,danny-farmer-1,anquan-boldin-1
joey-clinkscales-1,ClinJo20,2,12.996500900893583,riley-cooper-1,alvin-harper-1,erik-affholter-1
joey-galloway-1,GallJo00,45,13.537186916889945,antonio-freeman-1,quinton-patton-1,tim-carter-1
joey-kent-1,KentJo00,2,12.75601029599033,mark-bradley-1,quinton-patton-1,michael-timpson-1
john-burke-1,BurkJo00,1,11.016873390518773,chris-doering-1,lawrence-dawsey-1,tyrone-calico-1
john-ford-1,FordJo20,1,15.990134055258356,antonio-freeman-1,ernie-jones-3,lawyer-tillman-1
john-hightower-1,HighJo00,1,13.509283368847385,marty-booker-1,todd-pinkston-1,windrell-hayes-1
john-ross-1,RossJo00,5,15.287763911267984,chad-jackson-1,donte-stallworth-1,desean-jackson-1
johnnie-morton-1,MortJo00,26,13.641415654329434,thomas-lewis-1,dante-pettis-1,nate-lewis-1
jonathan-baldwin-1,BaldJo00,4,15.562270957986755,robert-ferguson-1,demaryius-thomas-1,alshon-jeffery-1
jonathan-smith-1,SmitJo00,2,11.989921659264114,collin-johnson-2,bobby-wade-1,dameane-douglas-1
jordan-matthews-1,MattJo00,23,15.182452720084004,mark-ingram-2,justin-blackmon-1,marvin-harrison-1
jordan-shipley-1,ShipJo00,9,12.67043039886161,russell-copeland-1,percy-harvin-1,malcolm-kelly-1
jordy-nelson-1,NelsJo00,26,13.084470430285666,eric-decker-1,austin-collie-1,billy-mcmullen-1
josh-boyce-1,BoycJo00,1,16.075771655293963,will-blackwell-2,david-terrell-1,marvin-harrison-1
josh-doctson-1,DoctJo00,9,13.980204410991034,torrey-smith-1,demetrius-williams-1,rashard-higgins-1
josh-huff-1,HuffJo00,8,14.65891099862615,ronald-curry-1,steve-breaston-1,greg-mcmurtry-1
josh-malone-1,MaloJo00,1,14.384468290860026,david-daniels-2,desean-jackson-1,keith-poole-1
josh-morgan-2,MorgJo00,15,12.698994819255702,nelson-agholor-1,quinton-patton-1,brandon-lafell-1
josh-reed-1,ReedJo01,16,15.775405474504897,brandon-lloyd-1,charles-e-johnson-1,alshon-jeffery-1
josh-reynolds-1,ReynJo00,12,14.990859355683055,adrian-arrington-1,andre-rison-1,legedu-naanee-1
juju-smith-1,SmitJu00,32,16.17652879095141,lance-kendricks-1,reggie-wayne-1,sammie-stroughter-1
julio-jones-1,JoneJu02,42,15.152671700362697,michael-jackson-1,tavon-austin-1,syndric-steptoe-1
junior-hemingway-1,HemiJu00,2,13.643634896561935,josh-morgan-2,lee-deramus-1,demetrius-williams-1
juron-criner-1,CrinJu00,1,14.164465759466708,ron-dugans-1,frank-sanders-1,danan-hughes-1
justin-armour-1,ArmoJu00,7,14.00162453855034,terry-glenn-1,ron-dugans-1,jeff-graham-2
justin-blackmon-1,BlacJu00,9,15.549965311619921,roscoe-parrish-1,braylon-edwards-1,reggie-rembert-2
justin-gage-1,GageJu00,8,15.147883422029308,courtney-hawkins-1,jordan-matthews-1,marvin-harrison-1
justin-hardy-1,HardJu00,7,13.64724802252,travis-taylor-1,greg-salas-1,antonio-brown-1
justin-hunter-1,HuntJu00,10,14.2978107714354,golden-tate-1,robert-ferguson-1,sean-lachapelle-1
justin-mccareins-1,McCaJu00,22,14.285813505335929,reche-caldwell-1,brandon-marshall-1,aaron-dobson-1
karsten-bailey-1,BailKa00,1,14.976217973723818,thomas-lewis-1,syndric-steptoe-1,reidel-anthony-1
keary-colbert-1,ColbKe00,13,14.785096119783775,mike-wallace-1,early-doucet-1,aaron-burbridge-1
keenan-allen-1,AlleKe00,22,15.480342015350356,reggie-wayne-1,isaiah-ford-1,tajae-sharpe-1
keenan-burton-1,BurtKe00,3,13.101271914663261,bobby-shaw-1,josh-doctson-1,torrey-smith-1
keenan-mccardell-1,McCaKe00,10,13.562311674049216,pat-johnson-2,rueben-randle-1,aundrae-allison-1
keesean-johnson-1,JohnKe07,4,13.436293688178754,antonio-brown-1,jajuan-dawson-1,bobby-wade-1
keith-mumphery-1,MumpKe00,2,12.817786461632242,kevin-johnson-4,robert-woods-1,courtney-taylor-1
keith-poole-1,PoolKe00,14,14.761498586372308,antonio-freeman-1,joey-galloway-1,quinton-patton-1
keke-coutee-1,CoutKe00,7,15.110632177842495,az-zahir-hakim-1,desean-jackson-1,jeremy-maclin-1
kelley-washington-1,WashKe00,8,11.664612193449397,kevin-white-6,drew-carter-1,jammi-german-1
kelvin-benjamin-1,BenjKe00,23,13.572577350393827,quincy-enunwa-1,lynn-james-1,reggie-germany-1
kelvin-harmon-1,HarmKe00,3,13.750577917165481,collin-johnson-2,mike-wallace-1,frank-sanders-1
kelvin-martin-1,MartKe00,17,13.267029310528322,gary-lee-3,snoop-minnis-1,mark-clayton-1
ken-yon-rambo-1,RambKe00,1,14.96174766934509,david-clowney-1,will-blackwell-2,tavon-austin-1
kendal-smith-1,SmitKe00,2,14.215857456374891,eugene-baker-1,martavis-bryant-1,ernie-jones-3
kendall-newson-1,NewsKe00,1,12.913548422249884,wesley-carroll-2,reche-caldwell-1,victor-bailey-1
kendall-wright-1,WrigKe01,22,15.054218238170547,dennis-northcutt-1,randy-moss-1,tyler-boyd-1
kenny-britt-1,BritKe00,21,17.377556190905686,cody-latimer-1,deandre-hopkins-1,hakeem-nicks-1
kenny-golladay-1,GollKe00,24,13.240169559217954,eric-moulds-1,lawyer-tillman-1,kevin-curtis-2
kenny-stills-1,StilKe00,23,15.809012102451543,sammie-stroughter-1,jeremy-maclin-1,robert-meachem-1
kevin-curtis-2,CurtKe00,14,11.468315085414721,ryan-grant-2,jeff-webb-2,donnie-avery-1
kevin-dyson-1,DysoKe00,18,11.15261535297081,vernon-joines-1,willie-reid-1,stephen-hill-1
kevin-johnson-4,JohnKe01,28,12.448515315302945,bruce-ellington-1,deion-branch-1,braxton-miller-1
kevin-lee-1,LeexKe00,1,11.417432498553808,keith-mumphery-1,chansi-stuckey-1,anthony-morgan-2
kevin-lockett-1,LockKe00,11,14.508554485254479,jerricho-cotchery-1,markus-wheaton-1,dennis-northcutt-1
kevin-norwood-1,NorwKe00,1,11.350612629087998,sinorice-moss-1,quincy-morgan-1,flipper-anderson-1
kevin-white-6,WhitKe00,2,13.184621325749452,kenny-golladay-1,amara-darboh-1,jamaar-taylor-1
keyshawn-johnson-1,JohnKe00,40,11.193125872928178,jammi-german-1,sean-dawkins-2,phillip-dorsett-1
koren-robinson-1,RobiKo00,29,15.598326781902266,antonio-bryant-1,shaun-mcdonald-1,hakeem-nicks-1
kyle-williams-1,WillKy01,6,14.584053761578929,mark-clayton-1,legedu-naanee-1,william-franklin-1
lake-dawson-1,DawsLa01,13,13.565951930836466,roddy-white-1,maurice-stovall-1,horace-copeland-1
lamar-thomas-1,ThomLa00,4,12.817404801927804,lavon-brazill-1,joey-kent-1,dale-dawkins-1
lance-kendricks-1,KendLa00,2,12.514229603495563,pat-newman-1,phillip-dorsett-1,mohamed-sanu-1
laquon-treadwell-1,TreaLa00,6,15.258528074426005,robert-meachem-1,isaiah-ford-1,keenan-allen-1
larry-fitzgerald-1,FitzLa00,36,19.49085018303521,dez-bryant-1,herman-moore-1,shaun-mcdonald-1
larry-parker-3,ParkLa00,2,11.0267437288405,willie-jackson-3,kevin-lee-1,chris-walsh-1
lavelle-hawkins-1,HawkLa00,7,13.665389980941011,brandon-lloyd-1,jerome-pathon-1,charles-e-johnson-1
laveranues-coles-1,ColeLa00,38,14.107697470378195,deon-cain-1,tavon-austin-1,jerome-pathon-1
lavon-brazill-1,BrazLa00,3,11.909772827413342,willie-reid-1,eric-decker-1,brandon-stokley-1
lawrence-dawsey-1,DawsLa00,20,12.784733268153932,lamar-thomas-1,dale-dawkins-1,cory-fleming-2
lawyer-tillman-1,TillLa00,7,13.04438029904489,pat-newman-1,joe-jurevicius-1,cory-fleming-2
lee-deramus-1,DeRaLe00,2,15.455974622349968,eric-moulds-1,eddie-kennison-1,tommy-kane-1
lee-evans-1,EvanLe00,34,14.009118870522368,torrey-smith-1,demetrius-williams-1,rod-gardner-1
legedu-naanee-1,NaanLe00,9,12.619736875783381,leonte-carroo-1,brandon-jones-3,andre-davis-1
leonard-hankerson-1,HankLe00,9,14.105472292948328,kyle-williams-1,denarius-moore-1,sean-lachapelle-1
leonte-carroo-1,CarrLe00,2,14.639560825535415,chris-henry-3,charles-rogers-1,devante-parker-1
limas-sweed-1,SweeLi00,1,13.306893588452118,quinton-patton-1,brandon-jones-3,josh-morgan-2
lonzell-hill-1,HillLo00,18,14.731889894601231,derek-hill-1,ricardo-louis-1,david-daniels-2
louis-clark-1,ClarLo00,2,13.737363416248309,qadry-ismail-1,antwaan-randle-el-1,jason-mcaddley-1
louis-murphy-1,MurpLo00,15,14.50413290607664,jacquez-green-1,craphonso-thorpe-1,sidney-rice-1
lynn-james-1,JameLy00,2,11.611273590980499,dietrich-jells-1,marty-booker-1,john-hightower-1
mack-hollins-1,HollMa00,4,13.177106657453365,quincy-enunwa-1,doug-gabriel-1,alexander-wright-1
malcolm-kelly-1,KellMa01,3,18.234024275837683,germane-crowell-1,roy-williams-3,matt-jones-1
malcolm-mitchell-2,MitcMa01,4,11.64115453751079,sterling-shepard-1,jammi-german-1,courtney-taylor-1
malcolm-seabron-1,FloyMa01,2,15.673832673884476,az-zahir-hakim-1,herman-moore-1,trent-taylor-2
marcell-ateman-1,AtemMa00,2,12.240563261929394,danny-farmer-1,keith-mumphery-1,terance-mathis-1
marcus-nash-1,NashMa00,1,14.002766275497294,paul-richardson-1,reggie-rembert-2,cedrick-wilson-1
marcus-robinson-2,RobiMa00,18,13.745180691518385,bryant-johnson-1,david-givens-1,mohamed-sanu-1
mardy-gilyard-1,GilyMa00,1,13.843435308452142,austin-collie-1,brandon-lafell-1,bernard-berrian-1
mario-manningham-1,MannMa01,19,15.802348630820743,derek-russell-1,terrance-williams-2,vincent-brown-3
mark-bellini-1,BellMa00,2,13.206584557530556,tim-carter-1,titus-young-1,joey-kent-1
mark-bradley-1,BradMa00,8,14.159393057305552,quincy-enunwa-1,alexander-wright-1,andre-johnson-1
mark-clayton-1,ClayMa01,23,13.172510376492172,joey-kent-1,sam-aiken-1,bobby-engram-1
mark-ingram-2,IngrMa00,11,11.260982486853814,kyle-williams-1,leonard-hankerson-1,william-franklin-1
markus-wheaton-1,WheaMa00,13,15.750723781969494,jordan-matthews-1,marvin-harrison-1,dennis-northcutt-1
marqise-lee-1,LeexMa00,18,16.42974620544157,tyler-boyd-1,jerricho-cotchery-1,dennis-northcutt-1
marques-hagans-1,HagaMa00,1,11.472188156040195,larry-parker-3,chris-walsh-1,david-givens-1
marquess-wilson-1,WilsMa02,6,15.307433494125082,stedman-bailey-1,hakeem-nicks-1,donte-moncrief-1
marquez-valdes-scantling-1,ValdMa00,20,11.901811719116413,robert-woods-1,sam-aiken-1,jamaar-taylor-1
marquise-goodwin-1,GoodMa00,6,15.513045701165368,michael-thomas-3,karsten-bailey-1,thomas-lewis-1
martavis-bryant-1,BryaMa00,18,14.751313466575395,andre-johnson-1,chris-henry-3,charles-rogers-1
marty-booker-1,BookMa00,27,13.362795464198554,travis-benjamin-1,james-jones-3,kendal-smith-1
marvin-harrison-1,HarrMa00,43,11.73782791186138,dietrich-jells-1,titus-young-1,john-hightower-1
marvin-jones-1,JoneMa02,18,13.757283557204419,markus-wheaton-1,nick-toon-1,will-blackwell-2
matt-jones-1,JoneMa00,23,13.439021099234697,nick-toon-1,reidel-anthony-1,marcus-robinson-2
maurice-stovall-1,StovMa00,4,17.266256442117008,germane-crowell-1,amani-toomer-1,roy-williams-3
mercury-hayes-1,HayeMe21,1,11.927366541270324,travis-hannah-1,jason-avant-1,brandon-lafell-1
michael-campanaro-1,CampMi02,4,11.472707908074662,devin-street-1,brandon-stokley-1,willie-reid-1
michael-clayton-1,ClayMi00,18,16.223811296674434,isaiah-ford-1,jarvis-landry-1,germane-crowell-1
michael-crabtree-1,CrabMi00,31,18.232859259657292,dez-bryant-1,mike-williams-17,davante-adams-1
michael-floyd-1,FloyMi00,25,16.58365840570576,braylon-edwards-1,jordan-matthews-1,kendall-wright-1
michael-gallup-1,GallMi00,24,12.983643162183663,wesley-carroll-2,odell-beckham-jr-1,darnay-scott-1
michael-irvin-1,IrviMi00,29,15.058681547356919,devard-darling-1,travis-mcgriff-1,anquan-boldin-1
michael-jackson-1,JackMi00,21,13.383551984765537,haywood-jeffires-1,danan-hughes-1,andre-hastings-1
michael-jenkins-1,JenkMi00,15,15.764754731588424,alshon-jeffery-1,robert-ferguson-1,will-blackwell-2
michael-thomas-3,ThomMi05,57,12.359733780412581,michael-timpson-1,pat-newman-1,alvin-harper-1
michael-timpson-1,TimpMi00,5,12.716408157789925,marquise-goodwin-1,courtney-hawkins-1,curtis-conway-1
michael-westbrook-1,WestMi00,22,13.53172870706773,amara-darboh-1,nelson-agholor-1,michael-thomas-3
mike-alexander-2,AlexMi00,3,11.502407082923586,derrick-mason-1,anthony-morgan-2,marques-hagans-1
mike-evans-4,EvanMi00,36,17.801101386432016,darrell-jackson-1,jaelen-strong-1,jeremy-maclin-1
mike-pritchard-1,PritMi00,24,15.253898534619248,terrance-williams-2,herman-moore-1,martavis-bryant-1
mike-thomas-9,ThomMi01,22,15.455095509045037,kendall-wright-1,dennis-northcutt-1,tyler-boyd-1
mike-walker-1,WalkMi01,17,13.339257930446962,taylor-jacobs-1,andy-isabella-1,tyler-lockett-1
mike-wallace-1,WallMi00,35,13.92748466927255,todd-pinkston-1,lee-evans-1,peter-warrick-1
mike-williams-17,WillMi07,21,14.37254289408256,early-doucet-1,kelvin-harmon-1,keary-colbert-1
mike-williams-3,WillMi03,5,19.140229039171317,david-boston-1,michael-crabtree-1,darrell-jackson-1
mike-williams-4,WillMi04,26,12.897060790279943,qadry-ismail-1,ryan-broyles-1,eric-moulds-1
mohamed-massaquoi-1,MassMo00,12,13.878727609330424,charles-e-johnson-1,tavon-austin-1,greg-mcmurtry-1
mohamed-sanu-1,SanuMo00,19,11.720840760054863,kevin-dyson-1,donald-hayes-1,daesean-hamilton-1
muhsin-muhammad-1,MuhaMu00,30,12.107863478362159,charles-davenport-1,eddie-kennison-1,arnaz-battle-1
na-brown-1,BrowNa00,4,12.307430547211945,hines-ward-1,brice-hunter-1,jeremy-kerley-1
nate-burleson-1,BurlNa00,22,13.968523077994528,justin-mccareins-1,reche-caldwell-1,odell-beckham-jr-1
nate-lewis-1,LewiNa00,20,14.264131921855414,bruce-hill-2,albert-connell-1,riley-cooper-1
nelson-agholor-1,AghoNe00,18,13.062297528639421,thomas-lewis-1,taywan-taylor-1,johnnie-morton-1
nick-toon-1,ToonNi00,3,12.578131021504106,robert-woods-1,michael-westbrook-1,josh-morgan-2
niles-paul-1,PaulNi00,2,12.9445077026724,marvin-jones-1,reidel-anthony-1,quentin-mccord-1
noah-brown-2,BrowNo00,3,15.78987851156746,auden-tate-1,mike-williams-3,darrell-jackson-1
odell-beckham-jr-1,BeckOd00,36,15.409296423072607,rae-carruth-1,desean-jackson-1,nelson-agholor-1
olabisi-johnson-1,JohnOl00,5,13.058680416526155,jason-tucker-1,reche-caldwell-1,taylor-jacobs-1
olanda-truitt-1,TruiOl00,2,14.080320479353295,jeff-graham-2,terry-glenn-1,lavelle-hawkins-1
pat-coleman-1,ColePa00,2,13.883299808435439,todd-watkins-1,todd-pinkston-1,tony-jones-5
pat-johnson-2,JohnPa00,8,13.210600480522338,tavon-austin-1,thomas-lewis-1,will-blackwell-2
pat-newman-1,NewmPa00,1,13.317763419266461,keenan-mccardell-1,rueben-randle-1,tajae-sharpe-1
patrick-jeffers-1,JeffPa00,16,14.39231699075447,eric-moulds-1,lee-deramus-1,alvin-harper-1
patrick-turner-1,TurnPa00,1,14.290232736271399,early-doucet-1,greg-mcmurtry-1,mike-williams-17
paul-richardson-1,RichPa01,11,14.450594226790653,sean-lachapelle-1,chris-givens-2,kyle-williams-1
peerless-price-1,PricPe00,29,14.227156154944014,marcus-nash-1,cedrick-wilson-1,tavon-austin-1
percy-harvin-1,HarvPe00,41,16.04463597326438,jeremy-maclin-1,jaelen-strong-1,amani-toomer-1
peter-warrick-1,WarrPe00,26,13.890753687839611,brandon-lafell-1,joey-kent-1,bobby-engram-1
phillip-dorsett-1,DorsPh00,12,15.248220504027056,torry-holt-1,sean-lachapelle-1,denarius-moore-1
plaxico-burress-1,BurrPl00,33,14.711142511669822,eric-moulds-1,patrick-jeffers-1,danny-farmer-1
qadry-ismail-1,IsmaQa00,15,12.83337160930914,isaac-byrd-1,lavelle-hawkins-1,jerome-pathon-1
quentin-mccord-1,McCoQu00,5,12.748221581672146,louis-clark-1,bobby-shaw-1,eddie-kennison-1
quincy-enunwa-1,EnunQu00,13,13.005474889349212,syndric-steptoe-1,david-terrell-1,devier-posey-1
quincy-morgan-1,MorgQu00,20,14.406297613547475,mack-hollins-1,andre-davis-1,alexander-wright-1
quinn-early-1,EarlQu00,12,11.80060376669592,tim-carter-1,mark-bellini-1,titus-young-1
quinton-patton-1,PattQu00,6,12.343390043932741,deion-branch-1,michael-gallup-1,rishard-matthews-1
rae-carruth-1,CarrRa00,8,14.056862439952578,joey-galloway-1,joey-kent-1,bobby-engram-1
raghib-ismail-1,IsmaRa00,15,16.706441709951104,percy-harvin-1,dj-chark-1,freddie-mitchell-1
randal-hill-1,HillRa00,14,15.828006309409034,jeremy-maclin-1,percy-harvin-1,brett-perriman-1
randall-cobb-1,CobbRa00,38,14.015002317419055,stedman-bailey-1,rueben-randle-1,keenan-allen-1
randy-moss-1,MossRa00,61,15.869107531440232,larry-fitzgerald-1,dez-bryant-1,herman-moore-1
rashad-greene-1,GreeRa00,2,13.918029126219219,tyler-boyd-1,dennis-northcutt-1,kendall-wright-1
rashard-higgins-1,HiggRa00,6,14.00440380341408,isaiah-ford-1,tydus-winans-1,wesley-carroll-2
rashaun-woods-1,WoodRa00,1,13.293573395024175,josh-doctson-1,greg-salas-1,torrey-smith-1
reche-caldwell-1,CaldRe00,12,14.731327313504499,michael-westbrook-1,michael-thomas-3,rae-carruth-1
reggie-barrett-1,BarrRe00,1,14.142102834984593,courtland-sutton-1,brandon-marshall-1,ricky-nattiel-1
reggie-brown-2,BrowRe01,20,11.324693986707075,vance-mcdonald-1,malcolm-mitchell-2,sam-aiken-1
reggie-germany-1,GermRe00,2,9.905815292487931,fred-coleman-1,jason-mcaddley-1,drew-carter-1
reggie-rembert-2,RembRe00,5,14.930712472809386,kelvin-benjamin-1,mack-hollins-1,riley-cooper-1
reggie-wayne-1,WaynRe00,35,12.903018945829896,dante-pettis-1,marcus-nash-1,tavon-austin-1
reggie-williams-1,WillRe00,22,16.215284366640148,keenan-allen-1,arrelious-benn-1,allen-robinson-1
reidel-anthony-1,AnthRe00,21,17.929928774800505,henry-ruggs-iii-1,ike-hilliard-1,jabar-gaffney-1
ricardo-louis-1,LouiRi00,3,12.67294779679654,thomas-lewis-1,syndric-steptoe-1,mohamed-massaquoi-1
ricky-nattiel-1,NattRi00,17,15.651927680344146,lonzell-hill-1,desean-jackson-1,derek-hill-1
ricky-proehl-1,ProeRi00,28,13.106657537612266,jajuan-dawson-1,terry-glenn-1,robb-thomas-1
rico-smith-1,SmitRi00,4,13.590069945237081,todd-pinkston-1,dede-westbrook-1,corey-fuller-2
riley-cooper-1,CoopRi00,12,16.747349318559642,terrance-williams-2,andre-johnson-1,devery-henderson-1
riley-ridley-1,RidlRi00,1,14.038200614600584,joey-clinkscales-1,joey-galloway-1,nate-lewis-1
rishard-matthews-1,MattRi00,6,13.578919611999506,charles-lee-1,josh-reed-1,darnay-scott-1
rob-carpenter-2,CarpRo00,2,14.454807105034455,albert-connell-1,jamaar-taylor-1,lee-deramus-1
robb-thomas-1,ThomRo01,13,13.037349415443495,calvin-williams-1,ernie-jones-3,bobby-shaw-1
robert-brooks-1,BrooRo00,29,13.732099095453405,terry-glenn-1,brian-manning-1,ricky-proehl-1
robert-ferguson-1,FergRo00,13,15.397894360723248,antonio-callaway-1,jaelen-strong-1,qadry-ismail-1
robert-meachem-1,MeacRo00,23,14.769055731560753,leonard-hankerson-1,michael-jenkins-1,jonathan-baldwin-1
robert-woods-1,WoodRo02,21,15.744209072055613,christian-kirk-1,isaiah-ford-1,sammie-stroughter-1
rod-gardner-1,GardRo00,25,9.58507315865477,courtney-taylor-1,amara-darboh-1,nick-toon-1
roddy-white-1,WhitRo00,34,14.216954919403422,torrey-smith-1,lee-evans-1,ashley-lelie-1
ron-dugans-1,DugaRo00,6,10.941591743992282,travis-hannah-1,courtney-taylor-1,jason-avant-1
ron-johnson-1,JohnRo03,1,14.198810991183278,juron-criner-1,justin-armour-1,frank-sanders-1
ron-morris-1,MorrRo00,19,11.844218882934587,lavelle-hawkins-1,na-brown-1,robert-brooks-1
ronald-curry-1,CurrRo01,6,10.889886609829919,marques-hagans-1,chris-walsh-1,david-givens-1
ronald-lewis-1,LewiRo01,4,14.710753302091517,cedrick-wilson-1,tavon-austin-1,brett-perriman-1
roscoe-parrish-1,ParrRo00,12,13.409275632431768,dede-westbrook-1,tim-carter-1,fred-coleman-1
roy-williams-3,WillRo04,31,15.280281520029773,justin-blackmon-1,braylon-edwards-1,reggie-wayne-1
rueben-randle-1,RandRu00,22,16.41152916162995,darrell-jackson-1,germane-crowell-1,malcolm-kelly-1
russell-copeland-1,CopeRu00,13,14.318121702609545,tajae-sharpe-1,stedman-bailey-1,isaac-bruce-1
ryan-broyles-1,BroyRy00,3,13.366870598391635,jordan-shipley-1,sterling-sharpe-1,peter-warrick-1
ryan-grant-2,GranRy01,7,12.646221979170445,travis-benjamin-1,mike-williams-4,marty-booker-1
ryan-thelwell-1,ThelRy00,2,12.443418468402548,william-fuller-2,vance-mcdonald-1,kevin-curtis-2
ryan-yarborough-1,YarbRy00,2,14.242593984668861,antonio-freeman-1,austin-collie-1,torrey-smith-1
sam-aiken-1,AikeSa00,3,13.388814774252259,brandon-gibson-1,brian-manning-1,jeff-graham-2
samie-parker-1,ParkSa00,14,12.627240962222142,titus-young-1,demetrius-williams-1,andre-caldwell-1
sammie-coates-1,CoatSa00,4,14.919048010935123,demaryius-thomas-1,robert-meachem-1,jonathan-baldwin-1
sammie-stroughter-1,StroSa00,5,11.36848745456227,samie-parker-1,david-anderson-1,terance-mathis-1
sammy-watkins-1,WatkSa00,28,18.667604190614064,kenny-stills-1,jeremy-maclin-1,robert-woods-1
santana-moss-1,MossSa00,26,14.404103865739431,craphonso-thorpe-1,will-blackwell-2,taywan-taylor-1
santonio-holmes-1,HolmSa00,37,13.409949415799803,craphonso-thorpe-1,leonard-hankerson-1,william-franklin-1
sean-dawkins-2,DawkSe00,26,16.6573002497089,michael-irvin-1,devery-henderson-1,jj-arcega-whiteside-1
sean-lachapelle-1,LaChSe00,4,11.970003043042349,stephen-hill-1,eddie-kennison-1,amara-darboh-1
shaun-mcdonald-1,McDoSh00,9,15.33465417981936,leonard-hankerson-1,phillip-dorsett-1,josh-reynolds-1
sidney-rice-1,RiceSi01,21,17.821958075729786,antonio-bryant-1,koren-robinson-1,justin-hunter-1
sinorice-moss-1,MossSi00,4,12.983491994437928,craphonso-thorpe-1,tavon-austin-1,pat-johnson-2
snoop-minnis-1,MinnMa00,5,13.225538366156812,rae-carruth-1,travis-hannah-1,bobby-engram-1
stedman-bailey-1,BailSt01,7,15.220083287185421,josh-reynolds-1,shaun-mcdonald-1,kyle-williams-1
stefon-diggs-1,DiggSt00,32,15.517909753761513,russell-copeland-1,randall-cobb-1,hakeem-nicks-1
stepfret-williams-1,WillSt00,3,13.427937920910878,travis-benjamin-1,mike-williams-4,kendal-smith-1
stephen-baker-1,BakeSt00,17,12.798702761883533,james-williams-5,doug-gabriel-1,stepfret-williams-1
stephen-hill-1,HillSt00,4,16.013140666431305,martavis-bryant-1,mike-pritchard-1,charles-rogers-1
sterling-sharpe-1,SharSt00,32,11.714956792970657,ed-mccaffrey-1,sean-lachapelle-1,kevin-dyson-1
sterling-shepard-1,ShepSt00,22,13.235532547584732,nick-toon-1,jason-avant-1,joey-kent-1
steve-breaston-1,BreaSt00,23,9.853116974967426,malcolm-mitchell-2,gary-wellman-1,jammi-german-1
steve-smith-2,SmitSt02,22,15.819768143594592,tavon-austin-1,josh-huff-1,roy-williams-3
steve-smith-3,SmitSt01,25,14.317564633739828,justin-hunter-1,charles-rogers-1,golden-tate-1
syndric-steptoe-1,StepSy20,1,11.73064240062708,hines-ward-1,brian-manning-1,sam-aiken-1
tai-streets-1,StreTa00,16,14.097390350788494,david-terrell-1,thomas-lewis-1,devier-posey-1
tajae-sharpe-1,SharTa00,11,13.844154508615519,keesean-johnson-1,tajae-sharpe-1,pat-newman-1
tandon-doss-1,DossTa00,4,14.804831957520157,russell-copeland-1,keenan-allen-1,stefon-diggs-1
tavarres-king-1,KingTa00,2,13.895530017668094,terance-mathis-1,lee-evans-1,denarius-moore-1
tavon-austin-1,AustTa00,21,13.009758155028077,samie-parker-1,andre-caldwell-1,tyler-boyd-1
taylor-jacobs-1,JacoTa00,2,14.249436968970453,charles-e-johnson-1,taywan-taylor-1,thomas-lewis-1
taylor-price-1,PricTa00,1,15.051304886578016,mike-walker-1,tyler-lockett-1,aaron-dobson-1
taywan-taylor-1,TaylTa00,6,14.036232768795855,darius-watts-1,stedman-bailey-1,tiquan-underwood-1
ted-ginn-jr-1,GinnTe00,20,13.75034085323624,taylor-jacobs-1,nelson-agholor-1,thomas-lewis-1
terance-mathis-1,MathTe00,13,12.513698286959169,ryan-yarborough-1,eric-decker-1,marty-booker-1
terrance-williams-2,WillTe01,24,12.254623261479603,marcell-ateman-1,tavarres-king-1,sammie-stroughter-1
terry-glenn-1,GlenTe00,33,15.247404877401689,devery-henderson-1,travis-mcgriff-1,mario-manningham-1
thomas-lewis-1,LewiTh00,9,13.052258708510537,robert-brooks-1,brian-manning-1,jeff-graham-2
tim-brown-3,BrowTi00,18,13.721862138950021,tai-streets-1,courtney-hawkins-1,nelson-agholor-1
tim-carter-1,CartTi00,7,12.689940612569437,darrius-heyward-bey-1,karsten-bailey-1,freddie-mitchell-1
tim-dwight-1,DwigTi00,19,14.454332903871606,titus-young-1,mark-bellini-1,ernie-jones-3
tiquan-underwood-1,UndeTi00,5,14.356618448733643,phillip-dorsett-1,torry-holt-1,jarius-wright-1
titus-young-1,YounTi00,8,14.620319136114166,reggie-wayne-1,santana-moss-1,tyler-boyd-1
todd-pinkston-1,PinkTo00,20,14.471118421804096,tim-dwight-1,bobby-shaw-1,torrey-smith-1
todd-watkins-1,WatkTo20,1,14.476513176036248,jamaar-taylor-1,quentin-mccord-1,corey-fuller-2
tommy-kane-1,KaneTo00,16,13.584055429340088,pat-coleman-1,reggie-rembert-2,mark-bradley-1
tony-hargain-1,HargTo00,2,12.613035481755539,eddie-kennison-1,iheanyi-uwaezuoke-1,jason-mcaddley-1
tony-jones-5,JoneTo00,8,13.00667943601056,marvin-harrison-1,robb-thomas-1,roscoe-parrish-1
tony-simmons-2,SimmTo00,8,14.775051357311536,alexander-wright-1,devery-henderson-1,ernie-mills-1
torrey-smith-1,SmitTo02,30,14.910692891177437,darrius-heyward-bey-1,chris-givens-2,justin-gage-1
torry-holt-1,HoltTo00,53,14.93694833719493,bobby-shaw-1,todd-pinkston-1,demetrius-williams-1
travis-benjamin-1,BenjTr00,14,13.444546779839072,phillip-dorsett-1,ken-yon-rambo-1,santana-moss-1
travis-fulgham-1,FulgTr00,4,14.858137717442732,marty-booker-1,eric-moulds-1,kenny-golladay-1
travis-hannah-1,HannTr00,1,9.479346025552132,reggie-germany-1,jj-birden-1,chansi-stuckey-1
travis-mcgriff-1,McGrTr00,1,12.532275956549908,rae-carruth-1,joey-kent-1,fred-coleman-1
travis-taylor-1,TaylTr01,22,15.964285836255339,devard-darling-1,devery-henderson-1,terry-glenn-1
trent-taylor-2,TaylTr02,6,12.017777741137488,justin-hardy-1,greg-salas-1,antonio-brown-1
trevor-gaylor-1,GaylTr00,7,14.982900964511586,ashley-lelie-1,darnay-scott-1,reggie-barrett-1
trey-quinn-1,QuinTr00,2,12.647430002078995,andre-hastings-1,brice-hunter-1,hines-ward-1
troy-edwards-2,EdwaTr00,13,14.117158902430509,darius-watts-1,jajuan-dawson-1,wesley-carroll-2
troy-williamson-1,WillTr01,8,13.98198665128141,phillip-dorsett-1,leonard-hankerson-1,robert-meachem-1
tydus-winans-1,WinaTy00,4,12.506284491842102,jeremy-kerley-1,wesley-carroll-2,andre-hastings-1
tyler-boyd-1,BoydTy00,24,14.332283283171734,isaiah-ford-1,keenan-allen-1,robert-woods-1
tyler-lockett-1,LockTy00,31,15.80089996375924,dennis-northcutt-1,rashad-greene-1,nelson-agholor-1
tyrone-calico-1,CaliTy00,5,13.681992104632492,taylor-price-1,mike-walker-1,aaron-dobson-1
vance-mcdonald-1,McDoVa00,3,12.586565438651435,lance-kendricks-1,james-jones-3,marty-booker-1
vernon-joines-1,JoinVe20,1,12.806114509003669,tony-hargain-1,jason-mcaddley-1,william-fuller-2
victor-bailey-1,BailVi00,8,11.934260817917387,iheanyi-uwaezuoke-1,kevin-dyson-1,lee-deramus-1
vincent-brown-3,BrowVi00,9,12.292880928548614,bobby-wade-1,brandon-gibson-1,brian-manning-1
wane-mcgarity-1,McGaWa00,6,15.029326085389322,charles-e-johnson-1,jeff-graham-2,adrian-arrington-1
wendell-davis-1,DaviWe00,22,14.109170296371426,andre-hastings-1,marcus-nash-1,courtney-hawkins-1
wesley-carroll-2,CarrWe00,6,11.683475964914969,dale-dawkins-1,jammi-german-1,keyshawn-johnson-1
will-blackwell-2,BlacWi00,8,13.532364338104905,darnay-scott-1,jajuan-dawson-1,thomas-lewis-1
william-franklin-1,FranWi00,1,13.936561812682804,ken-yon-rambo-1,david-clowney-1,pat-johnson-2
william-fuller-2,FullWi01,19,14.695851930975058,kyle-williams-1,santonio-holmes-1,leonard-hankerson-1
willie-green-2,GreeWi00,17,12.055568028561904,victor-bailey-1,vernon-joines-1,iheanyi-uwaezuoke-1
willie-jackson-3,JackWi00,12,15.026812014298411,michael-thomas-3,michael-westbrook-1,alvin-harper-1
willie-reid-1,ReidWi00,1,9.909075209001818,larry-parker-3,reggie-germany-1,chris-walsh-1
windrell-hayes-1,HayeWi00,1,12.217335208270153,kevin-dyson-1,victor-bailey-1,iheanyi-uwaezuoke-1
yatil-green-1,GreeYa00,2,13.40442803559612,jamaar-taylor-1,tony-hargain-1,amara-darboh-1
